2010,2011,2012,2013,2014,2015,Borough,,,
138 St-Grand Concourse  5 subway,,,,,,,,,
"898,509","917,911","939,284","957,984","1,033,559","1,056,380",Bronx ,,,
149 St-Grand Concourse 2 subway 4 subway 5 subway,,,,,,,,,
"3,979,328","4,169,699","4,104,847","4,427,399","4,536,888","4,424,754",Bronx ,,,
161 St-Yankee Stadium B subway D subway 4 subway,,,,,,,,,
"8,434,247","8,605,893","8,831,015","8,766,012","8,961,029","8,922,188",Bronx ,,,
167 St  4 subway,,,,,,,,,
"2,931,947","2,978,748","3,039,634","3,081,534","3,067,345","3,180,274",Bronx ,,,
167 St  B subway D subway,,,,,,,,,
"2,907,900","2,952,368","2,972,535","3,091,289","3,245,977","3,295,032",Bronx ,,,
170 St  4 subway,,,,,,,,,
"2,950,997","2,954,573","2,980,786","2,961,575","2,941,958","3,045,205",Bronx ,,,
170 St  B subway D subway,,,,,,,,,
"1,940,700","1,988,409","2,032,837","2,174,082","2,297,459","2,286,670",Bronx ,,,
174 St  2 subway 5 subway,,,,,,,,,
"2,239,254","2,161,875","2,152,009","2,301,756","2,374,812","2,313,651",Bronx ,,,
174-175 Sts  B subway D subway,,,,,,,,,
"1,451,367","1,492,092","1,496,869","1,598,189","1,719,504","1,695,879",Bronx ,,,
176 St  4 subway,,,,,,,,,
"1,445,219","1,720,629","1,764,100","1,837,995","1,848,854","1,969,221",Bronx ,,,
182-183 Sts  B subway D subway,,,,,,,,,
"1,495,831","1,489,026","1,447,028","1,520,856","1,604,218","1,643,266",Bronx ,,,
183 St  4 subway,,,,,,,,,
"1,945,021","1,978,737","1,997,038","2,002,633","2,007,140","2,057,944",Bronx ,,,
219 St  2 subway 5 subway,,,,,,,,,
"1,024,424","1,032,343","1,063,058","1,099,491","1,124,522","1,108,859",Bronx ,,,
225 St  2 subway 5 subway,,,,,,,,,
"1,283,398","1,336,790","1,382,626","1,400,377","1,445,591","1,439,495",Bronx ,,,
231 St  1 subway,,,,,,,,,
"2,660,882","2,731,068","2,829,503","2,757,855","2,912,283","2,966,015",Bronx ,,,
233 St  2 subway 5 subway ,,,,,,,,,
"1,614,436","1,655,372","1,674,406","1,719,181","1,803,693","1,762,923",Bronx ,,,
238 St  1 subway ,,,,,,,,,
"1,067,352","902,601","1,106,353","1,092,492","1,209,623","1,240,616",Bronx ,,,
3 Av-138 St  6 subway,,,,,,,,,
"2,190,627","2,280,268","2,304,717","2,443,326","2,534,036","2,531,974",Bronx ,,,
3 Av-149 St  2 subway 5 subway ,,,,,,,,,
"7,239,167","7,232,070","7,525,904","7,310,115","7,763,151","7,363,663",Bronx ,,,
Allerton Av  2 subway 5 subway ,,,,,,,,,
"1,668,896","1,602,390","1,689,145","1,747,352","1,829,712","1,821,628",Bronx ,,,
Baychester Av  5 subway,,,,,,,,,
"1,087,618","1,106,959","1,161,075","1,234,050","1,186,372","1,137,693",Bronx ,,,
Bedford Park Blvd B subway D subway,,,,,,,,,
"1,885,231","1,914,096","1,929,623","2,040,887","2,136,860","2,196,065",Bronx ,,,
Bedford Park Blvd-Lehman College 4 subway,,,,,,,,,
"1,786,305","1,835,965","1,796,392","1,853,706","1,827,260","1,863,892",Bronx ,,,
Bronx Park East 2 subway 5 subway,,,,,,,,,
"888,162","826,356","860,554","914,831","933,109","877,311",Bronx ,,,
Brook Av  6 subway,,,,,,,,,
"1,902,909","1,950,893","1,901,192","1,970,010","2,002,825","1,981,721",Bronx ,,,
Buhre Av 6 subway,,,,,,,,,
"895,193","991,171","1,008,640","1,111,659","637,600","661,527",Bronx ,,,
Burke Av  2 subway 5 subway,,,,,,,,,
"1,060,008","1,036,169","1,086,792","1,133,298","1,158,787","1,139,826",Bronx ,,,
Burnside Av  4 subway,,,,,,,,,
"3,533,604","3,528,312","3,508,076","3,560,191","3,558,297","3,641,720",Bronx ,,,
Castle Hill Av 6 subway,,,,,,,,,
"2,345,255","2,341,370","2,327,404","1,756,879","1,491,030","2,174,412",Bronx ,,,
Cypress Av  6 subway,,,,,,,,,
"1,158,742","1,142,381","1,097,947","1,186,696","1,226,878","1,228,311",Bronx ,,,
East 143 St-St Mary's St 6 subway,,,,,,,,,
"256,277","280,840","285,464","273,895","279,012","298,462",Bronx ,,,
East 149 St  6 subway,,,,,,,,,
"1,351,873","1,383,455","1,403,118","1,457,795","1,460,311","1,479,241",Bronx ,,,
East 180 St  2 subway 5 subway,,,,,,,,,
"1,852,836","2,164,608","2,098,429","2,152,570","2,445,421","2,368,031",Bronx ,,,
Eastchester-Dyre Av 5 subway,,,,,,,,,
"1,258,858","1,309,695","1,366,077","1,441,375","1,380,334","1,330,123",Bronx ,,,
Elder Av 6 subway,,,,,,,,,
"2,864,031","721,362","1,936,349","2,041,453","2,084,044","2,080,228",Bronx ,,,
Fordham Rd  4 subway,,,,,,,,,
"3,866,249","3,966,339","3,947,625","3,946,955","3,857,749","3,892,140",Bronx ,,,
Fordham Rd  B subway D subway,,,,,,,,,
"3,681,362","3,680,312","3,655,007","3,876,601","4,028,205","3,905,346",Bronx ,,,
Freeman St  2 subway 5 subway,,,,,,,,,
"1,332,285","1,348,014","1,393,186","1,486,965","1,517,066","1,492,757",Bronx ,,,
Gun Hill Rd  2 subway 5 subway,,,,,,,,,
"2,101,823","2,176,939","2,235,325","2,304,780","2,477,798","2,449,555",Bronx ,,,
Gun Hill Rd  5 subway,,,,,,,,,
"1,713,288","1,683,011","1,757,377","1,792,707","1,716,952","1,639,924",Bronx ,,,
Hunts Point Av 6 subway,,,,,,,,,
"3,248,970","3,191,706","3,204,779","3,158,343","3,138,131","3,305,563",Bronx ,,,
Intervale Av  2 subway 5 subway,,,,,,,,,
"908,596","902,216","937,280","1,048,501","1,095,221","1,039,265",Bronx ,,,
Jackson Av  2 subway 5 subway,,,,,,,,,
"1,624,212","1,573,302","1,520,612","1,686,061","1,753,555","1,731,638",Bronx ,,,
Kingsbridge Rd 4 subway,,,,,,,,,
"3,037,572","3,169,615","3,173,688","3,198,725","3,149,605","3,171,646",Bronx ,,,
Kingsbridge Rd B subway D subway,,,,,,,,,
"2,285,401","2,275,576","2,255,556","2,390,749","2,562,374","2,530,782",Bronx ,,,
Longwood Av  6 subway,,,,,,,,,
"1,026,772","1,067,960","1,065,764","1,087,990","1,098,022","1,088,970",Bronx ,,,
Middletown Rd 6 subway  ,,,,,,,,,
"546,692","559,746","566,771","441,950","661,242","795,762",Bronx ,,,
Morris Park  5 subway,,,,,,,,,
"535,823","554,320","589,170","631,930","621,945","629,282",Bronx ,,,
Morrison Av-Soundview 6 subway,,,,,,,,,
"730,517","3,028,145","2,057,570","2,096,942","2,125,383","2,097,203",Bronx ,,,
Mosholu Pkwy  4 subway,,,,,,,,,
"2,913,786","2,961,522","2,906,150","2,917,501","2,886,764","2,891,451",Bronx ,,,
Mt Eden Av  4 subway ,,,,,,,,,
"1,843,698","1,814,951","1,818,870","1,848,483","1,824,861","1,844,131",Bronx ,,,
Nereid Av  2 subway 5 subway,,,,,,,,,
"1,001,851","1,025,004","1,086,227","1,195,804","1,183,733","1,162,973",Bronx ,,,
Norwood-205 St D subway,,,,,,,,,
"2,410,949","2,472,094","2,463,462","2,569,581","2,709,761","2,750,124",Bronx ,,,
Parkchester 6 subway,,,,,,,,,
"3,944,729","4,851,182","4,687,402","5,215,409","5,586,943","5,224,959",Bronx ,,,
Pelham Bay Park 6 subway,,,,,,,,,
"1,997,392","2,062,525","2,030,215","2,096,130","2,318,533","2,337,689",Bronx ,,,
Pelham Pkwy  2 subway 5 subway,,,,,,,,,
"2,703,568","2,701,431","2,882,651","3,028,494","3,084,862","3,066,190",Bronx ,,,
Pelham Pkwy  5 subway,,,,,,,,,
"883,490","897,433","923,188","919,689","907,735","894,727",Bronx ,,,
Prospect Av  2 subway 5 subway,,,,,,,,,
"2,326,054","2,209,945","2,125,066","2,311,798","2,445,131","2,394,820",Bronx ,,,
Simpson St  2 subway 5 subway,,,,,,,,,
"3,057,192","2,901,513","2,810,789","3,027,856","3,121,036","3,048,014",Bronx ,,,
St Lawrence Av 6 subway,,,,,,,,,
"1,655,340","463,809","1,212,796","1,280,074","1,315,456","1,320,571",Bronx ,,,
Tremont Av  B subway D subway,,,,,,,,,
"2,709,632","2,772,602","2,791,329","2,952,385","3,130,848","3,155,197",Bronx ,,,
Van Cortlandt Park-242 St 1 subway,,,,,,,,,
"1,878,788","1,937,333","2,041,551","2,148,667","2,188,428","2,266,986",Bronx ,,,
Wakefield-241 St 2 subway,,,,,,,,,
"1,471,501","1,560,698","1,603,076","1,528,793","1,669,608","1,654,707",Bronx ,,,
West Farms Sq-East Tremont Av 2 subway 5 subway,,,,,,,,,
"2,520,377","2,391,352","2,428,999","2,514,240","2,567,773","2,437,882",Bronx ,,,
Westchester Sq-East Tremont Av 6 subway,,,,,,,,,
"1,885,522","1,993,343","1,964,525","2,043,649","2,177,402","2,056,555",Bronx ,,,
Whitlock Av 6 subway ,,,,,,,,,
"163,461","726,747","524,988","534,489","543,798","545,079",Bronx ,,,
Woodlawn  4 subway,,,,,,,,,
"2,379,276","2,494,092","2,417,765","2,423,278","2,375,663","2,418,890",Bronx ,,,
Zerega Av 6 subway ,,,,,,,,,
"759,280","825,755","849,815","985,388","599,478","492,883",Bronx ,,,
15 St-Prospect Park F subway G subway,,,,,,,,,
"1,922,348","1,449,241","1,852,346","2,005,424","2,017,347","2,011,237",Brooklyn,,,
18 Av  D subway,,,,,,,,,
"1,752,952","1,654,305","1,661,770","1,954,729","1,996,205","1,925,239",Brooklyn,,,
18 Av  F subway,,,,,,,,,
"1,287,551","1,306,839","1,294,568","1,313,344","1,277,024","1,392,552",Brooklyn,,,
18 Av N subway,,,,,,,,,
"1,676,056","1,828,462","1,819,255","1,641,928","1,775,695","1,784,992",Brooklyn,,,
20 Av  D subway,,,,,,,,,
"1,409,313","1,370,001","1,377,648","1,547,029","1,564,060","1,592,525",Brooklyn,,,
20 Av  N subway,,,,,,,,,
"1,194,973","1,220,065","1,245,145","1,286,961","1,305,487","1,279,525",Brooklyn,,,
25 Av  D subway,,,,,,,,,
"1,328,491","1,266,146","1,206,526","1,421,090","1,488,192","1,508,412",Brooklyn,,,
25 St  R subway,,,,,,,,,
"1,208,827","1,243,737","1,198,226","1,218,842","1,274,939","1,221,949",Brooklyn,,,
36 St  D subway N subway R subway,,,,,,,,,
"3,567,832","3,659,139","3,772,420","3,826,400","3,970,318","4,138,929",Brooklyn,,,
4 Av F subway G subway /9 St R subway,,,,,,,,,
"3,672,622","4,020,665","4,300,400","4,210,873","4,120,946","4,199,208",Brooklyn,,,
45 St  R subway,,,,,,,,,
"2,284,356","2,328,141","2,255,877","2,251,217","2,323,521","2,321,241",Brooklyn,,,
50 St  D subway,,,,,,,,,
"942,902","897,609","941,157","1,021,409","1,009,971","968,612",Brooklyn,,,
53 St  R subway ,,,,,,,,,
"2,370,851","2,401,105","2,357,449","2,387,370","2,405,353","2,374,338",Brooklyn,,,
55 St  D subway,,,,,,,,,
"580,913","586,282","546,080","601,931","603,320","595,157",Brooklyn,,,
59 St  N subway R subway,,,,,,,,,
"3,867,990","3,819,141","3,848,745","3,968,334","4,094,658","4,158,863",Brooklyn,,,
7 Av  B subway Q subway ,,,,,,,,,
"3,064,214","2,953,368","2,824,839","2,905,400","2,932,926","2,980,366",Brooklyn,,,
7 Av F subway G subway,,,,,,,,,
"3,397,045","3,934,545","3,699,471","3,904,986","3,886,594","3,780,126",Brooklyn,,,
71 St D subway,,,,,,,,,
"1,332,009","1,115,321","1,191,257","1,446,020","1,481,633","1,487,929",Brooklyn,,,
77 St  R subway ,,,,,,,,,
"1,545,617","1,579,635","1,600,644","1,645,262","1,711,410","1,723,178",Brooklyn,,,
79 St  D subway,,,,,,,,,
"1,728,820","1,633,616","1,651,785","1,949,861","2,041,896","2,043,471",Brooklyn,,,
8 Av N subway,,,,,,,,,
"3,475,890","3,484,429","3,559,576","3,677,764","3,851,372","3,796,909",Brooklyn,,,
86 St  N subway,,,,,,,,,
"770,621","796,379","811,332","801,109","837,472","859,293",Brooklyn,,,
86 St  R subway,,,,,,,,,
"3,306,164","3,445,470","3,515,085","3,662,602","3,753,132","3,747,601",Brooklyn,,,
9 Av D subway,,,,,,,,,
"1,863,019","1,681,423","1,668,767","1,896,942","1,938,987","1,843,944",Brooklyn,,,
Alabama Av  J subway,,,,,,,,,
"712,714","759,581","772,447","770,075","784,998","814,578",Brooklyn,,,
Atlantic Av-Barclays Ctr B subway D subway N subway Q subway R subway 2 subway 3 subway 4 subway 5 subway,,,,,,,,,
"10,478,354","10,726,332","11,526,090","13,122,876","13,617,153","13,690,678",Brooklyn,,,
Atlantic Av  L subway,,,,,,,,,
"424,208","427,914","444,960","482,835","535,041","422,505",Brooklyn,,,
Avenue H Q subway,,,,,,,,,
"662,564","521,818","823,237","875,106","896,279","899,662",Brooklyn,,,
Avenue I  F subway,,,,,,,,,
"708,788","696,851","684,241","699,582","696,140","672,710",Brooklyn,,,
Avenue J  Q subway,,,,,,,,,
"2,059,453","2,085,557","1,807,574","1,867,576","1,850,087","1,848,674",Brooklyn,,,
Avenue M  Q subway,,,,,,,,,
"1,351,418","1,345,774","1,608,901","1,730,576","1,731,955","1,733,583",Brooklyn,,,
Avenue N  F subway,,,,,,,,,
"1,016,781","1,049,752","1,012,534","1,044,429","1,050,916","1,027,713",Brooklyn,,,
Avenue P  F subway,,,,,,,,,
"829,508","836,317","825,620","861,095","864,424","858,733",Brooklyn,,,
Avenue U  F subway,,,,,,,,,
"723,222","696,998","707,595","717,486","699,414","716,715",Brooklyn,,,
Avenue U  N subway,,,,,,,,,
"1,263,986","1,244,178","1,297,870","1,211,062","1,251,276","1,253,349",Brooklyn,,,
Avenue U  Q subway,,,,,,,,,
"1,325,173","2,136,714","2,071,874","2,176,073","2,175,035","2,231,577",Brooklyn,,,
Avenue X  F subway,,,,,,,,,
"843,207","854,737","860,597","908,520","892,170","589,962",Brooklyn,,,
Bay 50 St  D subway,,,,,,,,,
"969,133","920,243","777,836","847,843","884,302","872,953",Brooklyn,,,
Bay Pkwy  D subway,,,,,,,,,
"2,107,643","2,018,400","2,038,864","2,298,420","2,362,284","2,368,617",Brooklyn,,,
Bay Pkwy  F subway,,,,,,,,,
"427,277","434,564","464,906","487,308","478,322","460,536",Brooklyn,,,
Bay Pkwy  N subway,,,,,,,,,
"2,107,881","2,160,569","2,221,968","2,243,082","2,342,792","2,298,369",Brooklyn,,,
Bay Ridge Av R subway,,,,,,,,,
"2,483,394","2,538,150","2,522,369","2,525,470","2,597,559","2,623,309",Brooklyn,,,
Bay Ridge-95 St R subway,,,,,,,,,
"1,719,577","1,769,432","1,809,829","1,830,193","1,858,200","1,865,038",Brooklyn,,,
Bedford Av  L subway,,,,,,,,,
"7,418,203","7,738,863","8,342,397","9,214,395","9,892,516","9,388,289",Brooklyn,,,
Bedford-Nostrand Avs G subway ,,,,,,,,,
"1,895,163","2,012,606","2,138,852","2,348,998","2,513,681","2,634,066",Brooklyn,,,
Bergen St  2 subway 3 subway,,,,,,,,,
"1,265,510","1,326,721","1,397,036","1,296,199","1,236,513","1,210,571",Brooklyn,,,
Bergen St  F subway G subway,,,,,,,,,
"3,296,466","3,452,452","3,529,174","3,650,848","3,711,317","3,708,300",Brooklyn,,,
Beverley Rd Q subway,,,,,,,,,
"1,070,872","1,095,502","950,243","737,652","838,970","899,663",Brooklyn,,,
Beverly Rd  2 subway 5 subway,,,,,,,,,
"1,231,592","1,276,466","1,274,789","1,364,573","1,360,719","1,392,643",Brooklyn,,,
Brighton Beach B subway Q subway,,,,,,,,,
"3,995,043","3,842,789","3,781,554","3,810,743","3,872,092","4,014,831",Brooklyn,,,
Broadway  G subway,,,,,,,,,
"941,243","995,856","1,023,397","1,071,877","1,124,407","1,313,362",Brooklyn,,,
Broadway Junction A subway C subway J subway L subway Z subway,,,,,,,,,
"2,767,838","2,810,713","2,862,830","2,948,156","3,018,656","3,133,658",Brooklyn,,,
Bushwick Av-Aberdeen St L subway,,,,,,,,,
"398,834","405,385","427,032","490,042","563,577","598,393",Brooklyn,,,
Canarsie-Rockaway Pkwy L subway,,,,,,,,,
"3,806,903","3,865,823","3,920,243","4,062,690","4,175,970","4,024,313",Brooklyn,,,
Carroll St  F subway G subway,,,,,,,,,
"3,025,719","3,598,477","3,961,111","3,782,675","3,616,947","3,672,702",Brooklyn,,,
Central Av M subway,,,,,,,,,
"760,657","890,194","992,142","505,757","970,531","1,141,731",Brooklyn,,,
Chauncey St  J subway Z subway,,,,,,,,,
"898,984","966,989","964,735","938,803","959,091","1,045,698",Brooklyn,,,
Church Av  2 subway 5 subway,,,,,,,,,
"2,994,162","3,057,877","2,987,887","3,059,215","3,020,066","3,070,551",Brooklyn,,,
Church Av  B subway Q subway,,,,,,,,,
"4,654,613","4,665,059","4,982,615","5,603,898","5,482,093","5,707,573",Brooklyn,,,
Church Av  F subway G subway,,,,,,,,,
"2,968,167","3,271,729","3,081,142","3,193,844","3,201,585","3,353,795",Brooklyn,,,
Clark St  2 subway 3 subway,,,,,,,,,
"1,711,829","1,754,204","1,855,650","1,972,314","2,018,876","1,997,148",Brooklyn,,,
Classon Av  G subway,,,,,,,,,
"1,207,680","1,308,232","1,355,886","1,432,872","1,477,256","1,604,508",Brooklyn,,,
Cleveland St J subway,,,,,,,,,
"970,732","1,002,848","1,029,708","1,050,261","1,107,397","1,120,403",Brooklyn,,,
Clinton-Washington Avs C subway ,,,,,,,,,
"1,707,500","1,819,542","1,891,559","2,104,035","2,077,312","2,060,200",Brooklyn,,,
Clinton-Washington Avs G subway,,,,,,,,,
"1,517,296","1,628,558","1,637,463","1,678,004","1,652,336","1,716,023",Brooklyn,,,
Coney Island-Stillwell Av D subway F subway N subway Q subway,,,,,,,,,
"4,768,416","4,649,438","4,733,106","4,690,794","4,980,140","5,132,083",Brooklyn,,,
Cortelyou Rd  Q subway,,,,,,,,,
"2,086,918","2,135,444","1,992,781","1,700,177","1,806,758","1,961,144",Brooklyn,,,
Court St  R subway /Borough Hall 2 subway 3 subway 4 subway 5 subway,,,,,,,,,
"11,134,599","11,115,037","10,988,473","11,291,705","11,474,717","11,360,058",Brooklyn,,,
Crescent St  J subway Z subway,,,,,,,,,
"1,464,238","1,514,075","1,504,645","1,509,290","1,583,134","1,626,727",Brooklyn,,,
Crown Heights-Utica Av 3 subway 4 subway,,,,,,,,,
"8,498,343","8,438,284","8,469,613","8,534,705","8,690,082","8,965,908",Brooklyn,,,
Cypress Hills  J subway,,,,,,,,,
"419,062","435,446","411,495","432,557","450,480","452,936",Brooklyn,,,
DeKalb Av  B subway Q subway R subway ,,,,,,,,,
"5,079,961","5,122,803","5,222,096","5,223,608","5,288,037","5,373,388",Brooklyn,,,
DeKalb Av  L subway,,,,,,,,,
"3,343,666","3,382,468","3,495,896","3,712,102","3,924,836","3,938,538",Brooklyn,,,
Ditmas Av  F subway ,,,,,,,,,
"1,377,549","1,392,790","1,404,811","1,455,737","1,437,835","1,033,946",Brooklyn,,,
East 105 St  L subway,,,,,,,,,
"1,065,469","1,101,683","1,110,433","1,161,688","1,197,125","1,187,844",Brooklyn,,,
Eastern Pkwy-Brooklyn Museum 2 subway 3 subway,,,,,,,,,
"1,590,190","1,568,924","1,578,613","1,674,856","1,665,524","1,676,659",Brooklyn,,,
Euclid Av  A subway C subway,,,,,,,,,
"3,004,395","3,100,867","3,115,445","3,323,235","3,315,007","3,509,500",Brooklyn,,,
Flatbush Av-Brooklyn College 2 subway 5 subway ,,,,,,,,,
"6,335,954","6,547,958","6,384,496","6,562,226","6,447,908","6,487,608",Brooklyn,,,
Flushing Av  G subway,,,,,,,,,
"553,739","616,083","655,317","728,668","808,421","866,803",Brooklyn,,,
Flushing Av  J subway M subway,,,,,,,,,
"2,610,974","2,683,278","2,776,360","2,869,903","2,847,691","2,991,074",Brooklyn,,,
Fort Hamilton Pkwy D subway,,,,,,,,,
"1,154,051","1,103,024","1,025,285","1,240,644","1,317,172","1,297,755",Brooklyn,,,
Fort Hamilton Pkwy F subway G subway,,,,,,,,,
"1,509,737","1,292,131","1,538,039","1,688,093","1,729,381","1,792,239",Brooklyn,,,
Fort Hamilton Pkwy N subway,,,,,,,,,
"2,045,741","2,086,389","2,105,486","2,200,487","2,278,120","2,164,028",Brooklyn,,,
Franklin Av  2 subway 3 subway 4 subway 5 subway /Botanic Garden S subway,,,,,,,,,
"4,433,981","4,712,492","4,934,593","5,125,782","5,377,967","5,100,038",Brooklyn,,,
Franklin Av  C subway S subway,,,,,,,,,
"1,768,472","1,904,736","1,982,691","2,049,246","2,125,076","2,137,752",Brooklyn,,,
Fulton St  G subway,,,,,,,,,
"1,098,862","1,179,034","1,280,063","1,394,890","1,485,669","1,643,353",Brooklyn,,,
Gates Av  J subway Z subway,,,,,,,,,
"1,749,349","1,870,109","1,901,060","1,895,878","1,984,486","2,100,864",Brooklyn,,,
Graham Av  L subway,,,,,,,,,
"3,028,830","3,054,897","3,086,342","3,179,579","3,402,514","3,293,413",Brooklyn,,,
Grand Army Plaza 2 subway 3 subway,,,,,,,,,
"2,369,355","2,417,351","2,507,555","2,556,750","2,505,721","2,433,907",Brooklyn,,,
Grand St  L subway,,,,,,,,,
"2,103,847","2,135,063","2,145,374","2,260,023","2,414,872","2,242,757",Brooklyn,,,
Grant Av  A subway,,,,,,,,,
"1,910,245","1,953,637","1,952,581","1,958,503","2,041,848","2,084,651",Brooklyn,,,
Greenpoint Av G subway,,,,,,,,,
"2,200,679","2,490,286","2,521,422","2,543,568","2,428,027","2,902,723",Brooklyn,,,
Halsey St  J subway,,,,,,,,,
"1,730,267","1,805,490","1,800,505","1,845,755","1,968,526","2,083,683",Brooklyn,,,
Halsey St  L subway,,,,,,,,,
"2,019,248","2,037,729","2,136,529","2,317,512","2,492,974","2,465,693",Brooklyn,,,
Hewes St  J subway M subway,,,,,,,,,
"785,545","848,377","895,661","927,212","903,641","981,379",Brooklyn,,,
High St  A subway C subway,,,,,,,,,
"1,968,091","2,093,306","2,209,212","2,441,136","2,687,244","2,656,705",Brooklyn,,,
Hoyt St  2 subway 3 subway,,,,,,,,,
"1,839,662","1,922,916","1,978,582","2,033,085","2,181,465","2,249,892",Brooklyn,,,
Hoyt-Schermerhorn Sts A subway C subway G subway,,,,,,,,,
"2,923,091","2,968,639","2,990,881","2,971,379","2,961,316","3,038,302",Brooklyn,,,
Jay St-MetroTech A subway C subway F subway R subway,,,,,,,,,
"10,488,087","11,149,629","11,492,780","11,793,956","12,197,352","12,765,132",Brooklyn,,,
Jefferson St  L subway,,,,,,,,,
"1,740,644","1,815,391","1,906,878","2,136,772","2,425,983","2,514,292",Brooklyn,,,
Junius St  3 subway,,,,,,,,,
"672,366","678,990","660,013","690,625","727,369","928,235",Brooklyn,,,
Kings Hwy  B subway Q subway,,,,,,,,,
"5,755,515","5,311,662","5,453,084","5,697,467","5,693,562","5,905,481",Brooklyn,,,
Kings Hwy  F subway,,,,,,,,,
"1,073,519","1,115,062","1,117,098","1,134,042","1,137,784","1,202,640",Brooklyn,,,
Kings Hwy  N subway ,,,,,,,,,
"1,602,420","1,601,357","1,616,827","1,630,749","1,687,226","1,710,115",Brooklyn,,,
Kingston Av  3 subway,,,,,,,,,
"1,485,344","1,519,113","1,515,277","1,545,567","1,564,089","1,573,003",Brooklyn,,,
Kingston-Throop Avs C subway,,,,,,,,,
"1,571,551","1,659,127","1,703,474","1,834,623","1,887,628","1,992,480",Brooklyn,,,
Knickerbocker Av M subway,,,,,,,,,
"1,007,087","1,136,213","702,426","1,018,286","1,147,331","1,288,025",Brooklyn,,,
Kosciuszko St  J subway,,,,,,,,,
"1,401,401","1,468,119","1,482,044","1,515,244","1,521,002","1,593,719",Brooklyn,,,
Lafayette Av  C subway ,,,,,,,,,
"1,525,942","1,556,902","1,582,360","1,638,947","1,617,464","1,631,737",Brooklyn,,,
Liberty Av  C subway,,,,,,,,,
"837,165","817,481","796,044","810,031","807,678","858,554",Brooklyn,,,
Livonia Av  L subway,,,,,,,,,
"785,229","829,015","902,860","934,287","987,560","1,001,522",Brooklyn,,,
Lorimer St  J subway M subway,,,,,,,,,
"1,404,557","1,470,761","1,494,085","1,523,986","1,500,980","1,614,154",Brooklyn,,,
Lorimer St  L subway /Metropolitan Av G subway,,,,,,,,,
"4,394,498","4,479,022","4,643,512","5,040,719","5,090,344","5,238,736",Brooklyn,,,
Marcy Av  J subway M subway Z subway,,,,,,,,,
"3,276,009","3,609,981","3,564,065","3,681,903","3,953,628","4,204,877",Brooklyn,,,
Montrose Av  L subway,,,,,,,,,
"1,951,066","1,983,449","2,075,901","2,178,772","2,335,128","2,334,271",Brooklyn,,,
Morgan Av  L subway,,,,,,,,,
"2,021,162","2,114,813","2,262,826","2,373,595","2,513,823","2,453,723",Brooklyn,,,
Myrtle Av  J subway M subway Z subway,,,,,,,,,
"2,991,967","3,155,344","3,257,338","3,562,631","3,523,740","3,687,468",Brooklyn,,,
Myrtle-Willoughby Avs G subway,,,,,,,,,
"1,223,378","1,383,197","1,440,313","1,578,243","1,722,392","1,875,988",Brooklyn,,,
Myrtle-Wyckoff Avs L subway M subway,,,,,,,,,
"5,399,769","5,358,434","5,662,633","5,982,615","6,381,800","6,464,630",Brooklyn,,,
Nassau Av  G subway,,,,,,,,,
"2,126,804","2,396,169","2,479,649","2,653,526","2,760,220","2,916,005",Brooklyn,,,
Neck Rd  Q subway,,,,,,,,,
"791,867","1,242,661","1,148,708","1,218,313","1,232,947","1,305,776",Brooklyn,,,
Neptune Av F subway,,,,,,,,,
"516,846","536,991","505,076","523,554","512,828","531,011",Brooklyn,,,
Nevins St  2 subway 3 subway 4 subway 5 subway,,,,,,,,,
"3,566,500","3,524,471","3,454,621","3,477,861","3,580,156","3,310,625",Brooklyn,,,
New Lots Av  3 subway,,,,,,,,,
"1,885,350","1,954,353","1,857,630","1,975,478","2,038,532","2,155,220",Brooklyn,,,
New Lots Av  L subway,,,,,,,,,
"1,231,257","1,304,384","1,379,065","1,499,902","1,583,983","1,595,607",Brooklyn,,,
New Utrecht Av N subway /62 St D subway,,,,,,,,,
"1,692,800","1,768,935","1,931,306","1,654,945","1,716,638","1,857,740",Brooklyn,,,
Newkirk Av  2 subway 5 subway,,,,,,,,,
"2,347,178","2,352,060","2,279,365","2,393,978","2,431,300","2,476,287",Brooklyn,,,
Newkirk Plaza  B subway Q subway,,,,,,,,,
"2,867,372","2,999,870","3,021,079","3,380,559","3,302,958","3,432,907",Brooklyn,,,
Norwood Av  J subway Z subway,,,,,,,,,
"1,056,263","1,065,062","1,097,011","1,095,573","1,145,643","1,159,274",Brooklyn,,,
Nostrand Av  3 subway,,,,,,,,,
"1,290,482","1,324,424","1,313,227","1,327,377","1,358,826","1,386,067",Brooklyn,,,
Nostrand Av  A subway C subway,,,,,,,,,
"4,863,842","5,139,201","5,283,444","5,510,841","5,439,806","5,762,163",Brooklyn,,,
Ocean Pkwy  Q subway,,,,,,,,,
"1,057,060","1,033,582","983,972","990,091","969,271","1,022,215",Brooklyn,,,
Park Pl  S subway,,,,,,,,,
"710,863","707,253","682,438","646,934","608,731","602,858",Brooklyn,,,
Parkside Av  Q subway,,,,,,,,,
"2,050,518","2,098,007","1,812,362","1,381,093","1,617,878","1,692,567",Brooklyn,,,
Pennsylvania Av 3 subway,,,,,,,,,
"1,805,195","1,805,956","1,690,851","1,752,108","1,746,438","2,111,790",Brooklyn,,,
President St  2 subway 5 subway,,,,,,,,,
"1,130,601","1,133,831","1,142,008","1,216,019","1,221,048","1,243,976",Brooklyn,,,
Prospect Av  R subway,,,,,,,,,
"1,863,247","1,930,101","1,864,725","1,826,064","1,827,271","1,785,990",Brooklyn,,,
Prospect Park  B subway Q subway S subway,,,,,,,,,
"2,867,309","2,815,199","2,892,200","3,190,679","3,312,727","3,327,301",Brooklyn,,,
Ralph Av  C subway,,,,,,,,,
"1,529,747","1,585,546","1,625,548","1,719,602","1,787,157","1,867,793",Brooklyn,,,
Rockaway Av  3 subway,,,,,,,,,
"1,787,382","1,792,136","1,682,755","1,753,354","1,763,824","526,505",Brooklyn,,,
Rockaway Av  C subway,,,,,,,,,
"1,499,681","1,548,571","1,574,733","1,615,457","1,641,268","1,721,297",Brooklyn,,,
Saratoga Av 3 subway ,,,,,,,,,
"1,699,652","1,743,578","1,676,421","1,777,399","1,791,700","2,442,282",Brooklyn,,,
Sheepshead Bay B subway Q subway,,,,,,,,,
"4,481,755","4,096,449","4,148,629","4,205,275","4,201,776","4,296,566",Brooklyn,,,
Shepherd Av  C subway,,,,,,,,,
"917,964","930,613","945,113","988,620","1,027,404","1,059,106",Brooklyn,,,
Smith-9 Sts  F subway G subway,,,,,,,,,
"1,501,360","577,571",0,"926,087","1,539,209","1,636,221",Brooklyn,,,
Sterling St  2 subway 5 subway ,,,,,,,,,
"1,743,151","1,787,824","1,803,628","1,866,122","1,785,975","1,822,524",Brooklyn,,,
Sutter Av  L subway,,,,,,,,,
"1,280,175","1,303,422","1,383,957","1,449,524","1,499,122","1,453,567",Brooklyn,,,
Sutter Av-Rutland Rd 3 subway,,,,,,,,,
"2,317,306","2,370,949","2,288,256","2,419,794","2,467,381","2,420,464",Brooklyn,,,
Union St  R subway,,,,,,,,,
"2,126,492","2,228,520","2,148,505","2,058,555","2,065,047","2,073,096",Brooklyn,,,
Utica Av  A subway C subway ,,,,,,,,,
"4,272,623","4,437,282","4,530,536","4,726,582","4,878,678","5,060,099",Brooklyn,,,
Van Siclen Av  3 subway,,,,,,,,,
"1,023,416","1,061,359","1,016,466","1,060,055","1,048,755","304,082",Brooklyn,,,
Van Siclen Av  C subway,,,,,,,,,
"893,234","901,530","897,528","941,172","967,947","1,019,100",Brooklyn,,,
Van Siclen Av  J subway Z subway ,,,,,,,,,
"828,566","886,663","893,665","913,115","943,663","966,461",Brooklyn,,,
West 8 St-New York Aquarium F subway Q subway,,,,,,,,,
"867,792","814,749","767,921","702,810","741,345","789,416",Brooklyn,,,
Wilson Av L subway,,,,,,,,,
"1,089,448","1,093,030","1,115,994","1,243,700","1,393,045","1,407,098",Brooklyn,,,
Winthrop St  2 subway 5 subway,,,,,,,,,
"2,110,081","2,173,945","2,171,267","2,275,444","2,263,671","2,241,716",Brooklyn,,,
York St  F subway,,,,,,,,,
"2,041,208","2,251,649","2,344,141","2,666,502","2,760,385","2,900,416",Brooklyn,,,
1 Av L subway ,,,,,,,,,
"6,936,132","7,050,336","7,296,576","7,735,905","8,111,070","7,702,110",Manhattan,,,
103 St 1 subway,,,,,,,,,
"4,167,100","4,302,101","4,366,343","4,427,199","4,199,559","4,258,632",Manhattan,,,
103 St 6 subway,,,,,,,,,
"4,799,555","4,901,637","4,861,001","5,038,138","5,198,601","4,031,201",Manhattan,,,
103 St B subway C subway,,,,,,,,,
"1,556,919","1,453,267","1,472,319","1,528,633","1,555,514","1,521,132",Manhattan,,,
110 St 6 subway,,,,,,,,,
"3,722,821","3,771,563","3,740,549","3,841,826","3,955,522","4,209,449",Manhattan,,,
116 St 2 subway 3 subway ,,,,,,,,,
"3,225,207","3,439,949","3,584,234","3,715,803","3,845,140","3,948,545",Manhattan,,,
116 St 6 subway,,,,,,,,,
"5,100,170","5,253,753","5,264,035","5,347,692","5,370,343","5,324,072",Manhattan,,,
116 St B subway C subway,,,,,,,,,
"1,921,860","1,944,599","2,000,033","2,122,084","2,234,662","2,246,138",Manhattan,,,
116 St-Columbia University 1 subway,,,,,,,,,
"4,774,192","4,932,065","4,942,022","5,044,561","4,917,691","4,846,181",Manhattan,,,
125 St 1 subway,,,,,,,,,
"2,358,252","2,438,449","2,560,513","2,649,847","2,578,729","2,555,321",Manhattan,,,
125 St 2 subway 3 subway ,,,,,,,,,
"4,317,843","4,518,487","4,635,697","4,917,465","5,103,216","5,121,518",Manhattan,,,
125 St 4 subway 5 subway 6 subway,,,,,,,,,
"8,834,429","8,868,272","8,965,496","9,290,210","9,574,765","9,586,567",Manhattan,,,
125 St A subway B subway C subway D subway,,,,,,,,,
"8,003,946","8,173,608","8,427,453","8,932,680","9,342,667","9,558,837",Manhattan,,,
135 St 2 subway 3 subway ,,,,,,,,,
"4,043,860","4,344,677","4,477,110","4,672,352","4,932,623","4,949,583",Manhattan,,,
135 St B subway C subway,,,,,,,,,
"1,511,387","1,575,802","1,633,467","1,722,204","1,731,602","1,693,561",Manhattan,,,
137 St-City College 1 subway,,,,,,,,,
"4,436,971","4,546,654","4,634,498","4,825,267","4,542,044","4,646,578",Manhattan,,,
14 St A subway C subway E subway /8 Av L subway ,,,,,,,,,
"11,795,495","12,415,290","13,044,037","13,903,211","14,340,856","14,763,727",Manhattan,,,
14 St F subway M subway 1 subway 2 subway 3 subway /6 Av L subway ,,,,,,,,,
"15,029,178","15,199,211","15,487,097","15,844,699","16,215,866","16,121,318",Manhattan,,,
14 St-Union Sq L subway N subway Q subway R subway 4 subway 5 subway 6 subway,,,,,,,,,
"34,730,692","34,927,178","34,639,575","35,309,414","35,677,468","35,320,623",Manhattan,,,
145 St 1 subway,,,,,,,,,
"3,115,174","3,138,419","3,289,827","3,274,106","3,364,151","3,338,110",Manhattan,,,
145 St 3 subway,,,,,,,,,
"873,390","981,914","1,014,623","1,073,259","1,114,674","1,137,484",Manhattan,,,
145 St  A subway B subway C subway D subway,,,,,,,,,
"6,694,537","6,948,193","7,048,936","7,432,177","7,778,992","7,923,696",Manhattan,,,
155 St  B subway D subway,,,,,,,,,
"1,241,223","1,248,295","1,257,551","1,281,168","1,299,098","1,306,282",Manhattan,,,
155 St  C subway,,,,,,,,,
"735,801","792,465","798,881","822,333","852,716","842,826",Manhattan,,,
157 St 1 subway,,,,,,,,,
"3,238,373","3,259,408","3,381,015","3,458,058","3,481,873","3,516,545",Manhattan,,,
163 St-Amsterdam Av C subway,,,,,,,,,
"1,193,933","1,221,336","1,230,018","1,317,493","1,390,615","1,395,260",Manhattan,,,
168 St  A subway C subway 1 subway,,,,,,,,,
"7,325,739","7,500,154","7,503,282","7,884,456","8,090,476","8,009,233",Manhattan,,,
175 St  A subway,,,,,,,,,
"3,783,719","4,029,936","4,028,015","4,154,792","4,187,473","4,197,373",Manhattan,,,
18 St  1 subway,,,,,,,,,
"2,435,685","2,497,134","2,533,877","2,585,522","2,622,558","2,676,304",Manhattan,,,
181 St  1 subway,,,,,,,,,
"3,429,260","3,171,483","3,496,979","3,608,658","3,751,020","3,779,275",Manhattan,,,
181 St A subway,,,,,,,,,
"3,106,184","3,245,786","3,242,555","3,309,493","3,456,161","3,628,174",Manhattan,,,
190 St  A subway,,,,,,,,,
"1,287,568","1,445,656","1,473,807","1,472,564","1,458,911","1,530,460",Manhattan,,,
191 St  1 subway,,,,,,,,,
"2,344,317","2,318,562","2,512,719","2,598,961","2,700,904","2,713,440",Manhattan,,,
2 Av F subway,,,,,,,,,
"5,627,896","5,728,217","5,706,955","5,999,079","5,772,265","5,847,710",Manhattan,,,
207 St  1 subway,,,,,,,,,
"1,875,395","2,054,287","2,205,288","1,966,949","2,049,587","2,090,297",Manhattan,,,
215 St  1 subway,,,,,,,,,
"582,955","583,486","599,790","638,224","626,312","615,177",Manhattan,,,
23 St  1 subway,,,,,,,,,
"4,517,687","4,622,230","4,654,520","4,818,903","4,883,773","4,884,678",Manhattan,,,
23 St  6 subway,,,,,,,,,
"8,925,824","8,999,142","8,901,705","9,200,337","9,033,835","8,627,481",Manhattan,,,
23 St  C subway E subway,,,,,,,,,
"6,707,382","7,001,778","7,155,940","7,629,811","7,923,005","7,844,508",Manhattan,,,
23 St  F subway M subway,,,,,,,,,
"7,394,628","7,911,886","8,078,511","8,446,249","8,678,810","8,942,154",Manhattan,,,
23 St  N subway R subway,,,,,,,,,
"5,998,303","6,659,479","6,805,210","6,905,704","7,348,879","7,965,410",Manhattan,,,
28 St  1 subway,,,,,,,,,
"3,941,656","4,093,901","4,346,501","4,548,738","4,666,347","4,665,377",Manhattan,,,
28 St  6 subway,,,,,,,,,
"6,621,732","6,741,400","6,688,570","7,076,992","7,107,083","7,214,293",Manhattan,,,
28 St  N subway R subway,,,,,,,,,
"3,044,555","3,297,714","3,413,315","3,520,209","3,796,977","4,083,143",Manhattan,,,
3 Av L subway,,,,,,,,,
"2,060,364","2,048,408","2,182,023","2,310,062","2,473,561","2,386,533",Manhattan,,,
33 St  6 subway,,,,,,,,,
"9,090,245","9,220,240","9,374,676","9,756,409","9,798,598","9,701,723",Manhattan,,,
34 St-Herald Square B subway D subway F subway M subway N subway Q subway R subway,,,,,,,,,
"37,769,752","37,731,386","37,154,138","38,213,448","39,285,568","39,541,865",Manhattan,,,
34 St-Hudson Yards 7 subway,,,,,,,,,
,,,,,"692,165",Manhattan,,,
34 St-Penn Station 1 subway 2 subway 3 subway ,,,,,,,,,
"26,892,243","26,758,623","27,010,176","27,730,331","28,638,643","28,309,160",Manhattan,,,
34 St-Penn Station A subway C subway E subway ,,,,,,,,,
"24,265,016","24,751,771","24,851,746","25,726,374","26,493,571","26,147,434",Manhattan,,,
42 St-Bryant Pk B subway D subway F subway M subway /5 Av 7 subway,,,,,,,,,
"13,979,224","14,752,187","14,917,245","15,527,439","15,896,805","16,220,605",Manhattan,,,
47-50 Sts-Rockefeller Center B subway D subway F subway M subway,,,,,,,,,
"16,517,856","17,466,013","17,091,251","17,759,382","18,236,646","18,469,446",Manhattan,,,
49 St  N subway Q subway R subway,,,,,,,,,
"8,139,011","8,121,552","8,186,576","8,155,010","8,544,694","8,029,988",Manhattan,,,
5 Av-53 St  E subway M subway,,,,,,,,,
"6,309,404","6,519,696","6,744,422","7,298,061","7,543,062","7,597,212",Manhattan,,,
5 Av-59 St  N subway Q subway R subway,,,,,,,,,
"5,770,964","5,893,657","5,941,836","5,927,685","6,155,019","6,017,047",Manhattan,,,
50 St  1 subway,,,,,,,,,
"7,465,528","7,647,852","7,927,578","8,074,270","8,450,496","8,266,677",Manhattan,,,
50 St  C subway E subway,,,,,,,,,
"5,407,322","5,573,587","5,714,183","6,259,935","6,867,521","6,826,275",Manhattan,,,
57 St F subway,,,,,,,,,
"4,510,875","4,630,781","4,408,190","4,520,733","4,603,639","4,720,245",Manhattan,,,
57 St-7 Av  N subway Q subway R subway,,,,,,,,,
"8,804,794","8,613,792","8,726,980","8,945,751","9,314,649","9,512,090",Manhattan,,,
59 St-Columbus Circle A subway B subway C subway D subway 1 subway,,,,,,,,,
"20,711,058","21,300,892","21,599,586","22,774,421","23,566,961","23,299,666",Manhattan,,,
66 St-Lincoln Center 1 subway,,,,,,,,,
"6,783,446","7,089,390","7,367,599","7,527,781","7,772,308","7,790,234",Manhattan,,,
68 St-Hunter College 6 subway,,,,,,,,,
"10,165,641","10,481,234","10,373,302","10,520,477","10,545,971","10,237,854",Manhattan,,,
7 Av  B subway D subway E subway,,,,,,,,,
"4,136,423","4,297,779","4,384,090","4,744,808","5,092,341","5,252,615",Manhattan,,,
72 St  1 subway 2 subway 3 subway,,,,,,,,,
"12,136,784","12,784,301","13,043,031","13,456,906","13,375,012","13,341,361",Manhattan,,,
72 St  B subway C subway,,,,,,,,,
"2,760,109","2,787,379","2,832,934","2,942,517","3,015,722","2,979,236",Manhattan,,,
77 St  6 subway,,,,,,,,,
"10,819,466","11,163,007","11,109,431","11,167,386","11,454,604","11,014,861",Manhattan,,,
79 St  1 subway,,,,,,,,,
"5,113,161","5,330,857","5,292,422","5,438,078","5,601,595","5,534,255",Manhattan,,,
8 St-New York University N subway R subway,,,,,,,,,
"5,474,109","5,779,126","5,663,358","5,379,647","5,635,598","5,894,747",Manhattan,,,
81 St-Museum of Natural History B subway C subway,,,,,,,,,
"4,063,020","4,116,976","4,232,404","4,477,625","4,561,347","4,584,041",Manhattan,,,
86 St  1 subway,,,,,,,,,
"5,910,540","6,128,225","6,219,513","6,333,352","6,519,979","6,464,625",Manhattan,,,
86 St  4 subway 5 subway 6 subway,,,,,,,,,
"19,147,021","19,425,347","19,686,985","20,528,208","20,735,032","20,890,828",Manhattan,,,
86 St  B subway C subway,,,,,,,,,
"3,204,204","3,238,616","3,300,644","3,408,922","3,515,551","3,474,343",Manhattan,,,
96 St  1 subway 2 subway 3 subway,,,,,,,,,
"11,526,582","11,784,341","12,108,040","12,582,947","13,108,304","13,008,596",Manhattan,,,
96 St  6 subway,,,,,,,,,
"7,458,694","7,753,114","7,708,346","7,785,646","7,958,453","8,294,978",Manhattan,,,
96 St  B subway C subway,,,,,,,,,
"2,731,945","2,775,904","2,829,949","2,979,535","3,089,701","3,084,906",Manhattan,,,
Astor Place  6 subway,,,,,,,,,
"5,623,822","5,571,077","5,535,996","5,775,276","5,751,688","5,447,655",Manhattan,,,
Bowery  J subway Z subway,,,,,,,,,
"1,044,394","991,686","968,629","970,576","1,057,000","1,184,920",Manhattan,,,
Bowling Green  4 subway 5 subway,,,,,,,,,
"7,770,956","7,793,614","7,990,789","9,081,649","10,261,064","9,153,462",Manhattan,,,
Broad St J subway Z subway,,,,,,,,,
"1,636,627","1,473,717","1,315,012","1,436,506","1,662,905","1,834,780",Manhattan,,,
Broadway-Lafayette St B subway D subway F subway M subway /Bleecker St 6 subway,,,,,,,,,
"11,062,580","11,651,990","11,792,114","12,560,629","12,913,327","12,666,868",Manhattan,,,
Brooklyn Bridge-City Hall 4 subway 5 subway 6 subway /Chambers St J subway Z subway,,,,,,,,,
"10,783,128","10,681,037","10,650,508","10,721,984","10,938,927","10,481,576",Manhattan,,,
Canal St  1 subway,,,,,,,,,
"1,720,337","1,785,923","1,727,415","1,787,110","1,859,071","1,830,920",Manhattan,,,
Canal St  A subway C subway E subway,,,,,,,,,
"5,351,984","5,646,937","5,612,068","5,922,371","6,013,138","6,011,243",Manhattan,,,
Canal St  J subway N subway Q subway R subway Z subway 6 subway,,,,,,,,,
"16,007,057","15,577,018","15,529,659","15,227,139","15,104,077","15,094,135",Manhattan,,,
Cathedral Pkwy-110 St 1 subway,,,,,,,,,
"4,220,891","4,440,822","4,491,643","4,557,743","4,301,285","4,280,482",Manhattan,,,
Cathedral Pkwy-110 St B subway C subway,,,,,,,,,
"2,159,675","2,166,542","2,207,790","2,301,545","2,351,549","2,376,166",Manhattan,,,
Central Park North-110 St 2 subway 3 subway,,,,,,,,,
"2,532,019","2,724,841","2,808,386","2,932,790","3,110,140","3,188,551",Manhattan,,,
Chambers St  1 subway 2 subway 3 subway,,,,,,,,,
"6,273,448","6,554,728","6,603,287","6,755,281","6,973,674","7,054,771",Manhattan,,,
Chambers St  A subway C subway /WTC E subway /Park Place 2 subway 3 subway,,,,,,,,,
"14,760,127","15,458,781","15,364,366","15,641,210","16,088,983","16,910,084",Manhattan,,,
Christopher St-Sheridan Sq 1 subway,,,,,,,,,
"3,454,080","3,471,186","3,435,088","3,433,544","3,480,159","3,363,949",Manhattan,,,
City Hall  R subway,,,,,,,,,
"2,790,204","2,627,822","2,094,122","1,560,414","1,151,646","1,828,806",Manhattan,,,
Cortlandt St  1 subway,,,,,,,,,
0,0,0,0,0,,Manhattan,,,
Cortlandt St  R subway,,,,,,,,,
"1,130,741","1,640,638","2,062,289","1,601,732","1,500,040","2,713,532",Manhattan,,,
Delancey St  F subway /Essex St J subway M subway Z subway,,,,,,,,,
"6,745,791","7,172,867","7,280,936","7,759,914","7,909,365","8,226,975",Manhattan,,,
Dyckman St  1 subway,,,,,,,,,
"2,237,661","1,212,678","1,231,954","2,094,538","2,298,848","2,317,843",Manhattan,,,
Dyckman St  A subway,,,,,,,,,
"1,931,287","2,326,780","2,344,316","2,112,706","2,158,170","2,244,154",Manhattan,,,
East Broadway  F subway,,,,,,,,,
"4,001,149","4,057,707","4,021,679","4,208,654","4,379,909","4,576,662",Manhattan,,,
Franklin St  1 subway,,,,,,,,,
"1,719,780","1,777,323","1,714,218","1,703,889","1,745,841","1,731,354",Manhattan,,,
Fulton St  A subway C subway J subway Z subway 2 subway 3 subway 4 subway 5 subway,,,,,,,,,
"18,303,963","17,971,983","17,868,334","18,721,694","20,102,397","21,671,684",Manhattan,,,
Grand Central-42 St S subway 4 subway 5 subway 6 subway 7 subway,,,,,,,,,
"41,903,210","42,795,505","42,984,249","44,893,301","46,074,652","46,737,564",Manhattan,,,
Grand St  B subway D subway,,,,,,,,,
"7,746,428","7,770,139","7,658,249","7,994,060","8,131,543","8,010,864",Manhattan,,,
Harlem-148 St  3 subway ,,,,,,,,,
"989,568","1,101,666","1,110,842","1,171,372","1,209,633","1,269,910",Manhattan,,,
Houston St  1 subway,,,,,,,,,
"3,966,857","4,225,089","4,287,926","4,510,538","4,562,690","4,377,409",Manhattan,,,
Inwood-207 St  A subway,,,,,,,,,
"2,747,423","3,079,573","2,795,992","2,897,438","2,981,271","3,068,931",Manhattan,,,
Lexington Av  N subway Q subway R subway /59 St 4 subway 5 subway 6 subway,,,,,,,,,
"19,553,597","20,377,141","20,628,942","21,282,767","21,557,198","21,407,792",Manhattan,,,
Lexington Av-53 St E subway M subway /51 St 6 subway,,,,,,,,,
"18,025,148","18,948,032","19,280,036","20,262,110","20,513,370","20,479,923",Manhattan,,,
Lexington Av-63 St F subway,,,,,,,,,
"4,889,704","4,722,939","4,566,850","4,462,467","4,479,963","4,718,159",Manhattan,,,
Marble Hill-225 St 1 subway,,,,,,,,,
"1,769,012","1,476,489","1,721,707","1,725,406","1,846,582","1,809,998",Manhattan,,,
Prince St  N subway R subway,,,,,,,,,
"5,146,546","5,603,783","5,508,110","5,209,433","5,311,765","5,386,641",Manhattan,,,
Rector St  1 subway,,,,,,,,,
"2,366,733","2,636,681","3,055,453","3,398,383","3,393,420","3,042,815",Manhattan,,,
Rector St  R subway,,,,,,,,,
"2,463,933","2,413,512","2,053,706","1,524,110","1,116,833","1,896,968",Manhattan,,,
Roosevelt Island F subway,,,,,,,,,
"2,580,003","2,114,468","2,026,567","1,948,925","1,870,476","1,966,493",Manhattan,,,
South Ferry  1 subway /Whitehall St R subway,,,,,,,,,
"8,807,719","9,073,709","8,123,655","6,192,660","7,116,897","8,750,364",Manhattan,,,
Spring St  6 subway,,,,,,,,,
"3,727,534","3,887,184","3,999,949","4,123,703","4,169,799","3,804,403",Manhattan,,,
Spring St  C subway E subway,,,,,,,,,
"3,301,437","3,589,809","3,718,956","3,874,428","3,965,206","3,782,314",Manhattan,,,
Times Sq-42 St N subway Q subway R subway S subway 1 subway 2 subway 3 subway 7 subway /42 St A subway C subway E subway,,,,,,,,,
"58,422,597","60,604,822","62,069,437","63,617,614","65,948,730","66,359,208",Manhattan,,,
Wall St  2 subway 3 subway,,,,,,,,,
"6,919,577","7,016,078","7,034,940","7,473,489","7,845,023","7,650,853",Manhattan,,,
Wall St  4 subway 5 subway,,,,,,,,,
"6,393,591","6,526,692","6,658,687","7,231,884","7,437,325","6,708,745",Manhattan,,,
West 4 St-Washington Sq A subway B subway C subway D subway E subway F subway M subway,,,,,,,,,
"12,295,023","12,506,322","12,727,443","13,533,369","13,942,101","14,147,148",Manhattan,,,
103 St-Corona Plaza 7 subway,,,,,,,,,
"5,831,332","6,095,306","6,130,376","6,314,870","6,464,627","6,527,196",Queens,,,
104 St  A subway,,,,,,,,,
"503,835","523,212","507,774","516,000","388,144","538,400",Queens,,,
104 St  J subway Z subway,,,,,,,,,
"760,419","782,115","755,193","779,537","827,890","841,545",Queens,,,
111 St  7 subway,,,,,,,,,
"3,457,250","3,494,533","3,473,313","3,607,926","3,659,225","3,699,843",Queens,,,
111 St  A subway,,,,,,,,,
"771,073","798,886","796,622","795,820","802,831","767,647",Queens,,,
111 St  J subway,,,,,,,,,
"781,872","805,590","764,882","780,300","802,275","812,055",Queens,,,
121 St  J subway Z subway,,,,,,,,,
"663,832","694,567","664,855","688,985","766,469","788,674",Queens,,,
169 St  F subway,,,,,,,,,
"2,679,080","2,781,001","2,759,602","2,834,112","2,854,274","2,858,542",Queens,,,
21 St  G subway,,,,,,,,,
"319,984","364,597","469,173","422,616","427,353","533,529",Queens,,,
21 St-Queensbridge F subway,,,,,,,,,
"2,653,708","2,707,275","2,654,261","2,631,860","2,683,624","2,884,831",Queens,,,
30 Av  N subway Q subway,,,,,,,,,
"4,459,345","4,340,888","4,622,323","4,776,709","4,808,350","4,745,260",Queens,,,
33 St-Rawson St 7 subway,,,,,,,,,
"3,729,133","3,707,015","3,752,701","3,899,003","3,892,589","3,712,153",Queens,,,
36 Av  N subway Q subway,,,,,,,,,
"2,354,426","2,246,477","2,412,794","2,462,645","2,439,630","2,394,564",Queens,,,
36 St M subway R subway,,,,,,,,,
"1,128,415","1,238,985","1,257,059","1,278,109","1,307,054","1,339,754",Queens,,,
39 Av  N subway Q subway,,,,,,,,,
"868,691","823,763","930,291","1,012,381","1,104,375","1,072,026",Queens,,,
40 St-Lowery St 7 subway,,,,,,,,,
"3,370,172","3,378,636","3,393,418","3,483,507","3,496,675","3,421,569",Queens,,,
46 St M subway R subway,,,,,,,,,
"2,935,729","2,964,965","2,978,233","3,014,082","3,021,219","2,956,981",Queens,,,
46 St-Bliss St 7 subway,,,,,,,,,
"4,704,924","4,683,092","4,638,262","4,734,334","4,695,672","4,593,351",Queens,,,
52 St  7 subway,,,,,,,,,
"2,080,234","2,117,202","2,138,307","2,182,725","2,214,115","2,177,884",Queens,,,
63 Dr-Rego Park M subway R subway,,,,,,,,,
"4,660,828","4,891,415","4,998,378","5,129,203","5,272,014","5,244,226",Queens,,,
65 St M subway R subway,,,,,,,,,
"1,065,702","1,098,734","1,131,591","1,124,823","1,159,576","1,192,281",Queens,,,
67 Av M subway R subway,,,,,,,,,
"2,757,795","2,791,494","2,770,364","2,818,350","2,851,905","2,853,794",Queens,,,
69 St  7 subway,,,,,,,,,
"1,696,216","1,649,055","1,647,057","1,671,584","1,685,222","1,629,526",Queens,,,
74-Bway  7 subway /Jackson Hts-Roosevelt Av E subway F subway M subway R subway,,,,,,,,,
"16,279,556","16,377,496","16,366,669","16,864,938","17,087,795","17,224,537",Queens,,,
75 Av  E subway F subway,,,,,,,,,
"1,134,336","1,171,380","1,130,707","1,155,836","1,131,705","1,136,305",Queens,,,
75 St-Elderts Ln J subway Z subway,,,,,,,,,
"1,102,869","1,128,911","1,107,947","1,138,544","1,172,162","1,196,186",Queens,,,
80 St  A subway,,,,,,,,,
"1,259,783","1,283,827","1,294,099","1,310,413","1,507,116","1,465,264",Queens,,,
82 St-Jackson Hts 7 subway,,,,,,,,,
"5,110,694","5,163,208","5,013,810","5,139,172","5,172,595","5,128,506",Queens,,,
85 St-Forest Pkwy J subway,,,,,,,,,
"1,100,059","1,138,842","1,125,639","1,157,863","1,212,661","1,239,793",Queens,,,
88 St  A subway ,,,,,,,,,
"790,264","805,054","792,615","808,822","613,296","1,011,163",Queens,,,
90 St-Elmhurst Av 7 subway,,,,,,,,,
"5,482,132","5,480,782","5,428,872","5,513,135","5,480,059","5,489,630",Queens,,,
Aqueduct Racetrack A subway,,,,,,,,,
"29,644","54,183",0,"213,601","630,644","672,734",Queens,,,
Aqueduct-North Conduit Av A subway,,,,,,,,,
"238,119","474,915","890,505","698,115","357,399","365,488",Queens,,,
Astoria Blvd  N subway Q subway,,,,,,,,,
"3,621,730","3,850,546","3,871,213","3,962,838","3,914,637","3,926,062",Queens,,,
Astoria-Ditmars Blvd N subway Q subway,,,,,,,,,
"5,102,415","5,203,409","5,233,305","5,405,084","5,416,919","5,407,027",Queens,,,
Beach 105 St  A subway S subway,,,,,,,,,
"65,802","80,580","82,088","48,916","82,980","99,254",Queens,,,
Beach 25 St  A subway,,,,,,,,,
"388,387","501,037","437,602","267,585","519,843","570,312",Queens,,,
Beach 36 St  A subway,,,,,,,,,
"326,592","192,676","217,880","143,400","272,799","296,860",Queens,,,
Beach 44 St  A subway,,,,,,,,,
"143,788","225,250","161,946","91,331","181,758","197,543",Queens,,,
Beach 60 St  A subway,,,,,,,,,
"789,468","555,937","588,970","406,698","772,376","801,015",Queens,,,
Beach 67 St-Arverne By The Sea A subway,,,,,,,,,
"473,942","681,006","572,418","357,807","701,784","799,134",Queens,,,
Beach 90 St  A subway S subway,,,,,,,,,
"338,595","387,012","305,397","194,416","306,284","333,006",Queens,,,
Beach 98 St  A subway S subway,,,,,,,,,
"215,474","198,503","193,332","100,594","200,197","214,040",Queens,,,
Briarwood-Van Wyck Blvd E subway F subway,,,,,,,,,
"1,752,198","1,730,276","1,563,242","1,427,813","1,427,017","1,479,278",Queens,,,
Broad Channel  A subway S subway,,,,,,,,,
"92,523","88,837","75,969","36,849","74,386","91,766",Queens,,,
Broadway  N subway Q subway,,,,,,,,,
"4,078,606","4,007,018","4,161,120","4,325,297","4,407,347","4,300,632",Queens,,,
Court Sq  E subway G subway M subway 7 subway,,,,,,,,,
"7,249,807","6,334,869","5,340,581","6,072,768","6,664,442","6,730,837",Queens,,,
Elmhurst Av  M subway R subway,,,,,,,,,
"4,228,036","4,338,857","4,344,648","4,343,633","4,362,316","4,350,714",Queens,,,
Far Rockaway-Mott Av A subway,,,,,,,,,
"1,374,989","1,426,835","1,217,871","806,025","1,486,147","1,576,988",Queens,,,
Flushing-Main St 7 subway,,,,,,,,,
"18,630,490","18,967,751","19,034,789","19,102,434","19,085,948","19,082,391",Queens,,,
Forest Av  M subway,,,,,,,,,
"1,045,413","1,172,881","1,134,938","1,179,301","1,235,376","1,317,289",Queens,,,
Forest Hills-71 Av E subway F subway M subway R subway,,,,,,,,,
"8,137,277","8,316,825","8,342,293","8,573,480","8,585,239","8,654,547",Queens,,,
Fresh Pond Rd  M subway,,,,,,,,,
"1,453,610","1,617,252","1,590,304","1,534,754","1,676,862","1,806,429",Queens,,,
Grand Av-Newtown M subway R subway,,,,,,,,,
"5,564,842","5,721,038","5,741,626","5,832,568","5,861,823","5,995,764",Queens,,,
Howard Beach-JFK Airport A subway,,,,,,,,,
"908,576","928,529","1,074,516","1,626,984","963,503","1,041,816",Queens,,,
Hunters Point Av 7 subway,,,,,,,,,
"1,623,490","1,655,252","1,704,114","1,710,103","1,791,109","1,848,769",Queens,,,
Jamaica Center-Parsons-Archer E subway J subway Z subway,,,,,,,,,
"11,656,110","12,147,163","12,204,423","12,507,906","12,784,635","12,622,977",Queens,,,
Jamaica-179 St F subway,,,,,,,,,
"6,711,779","6,818,728","6,767,423","6,868,439","6,818,494","6,898,938",Queens,,,
Jamaica-Van Wyck E subway,,,,,,,,,
"1,421,186","1,527,249","1,552,178","1,565,998","1,587,413","1,545,016",Queens,,,
Junction Blvd  7 subway,,,,,,,,,
"7,140,456","6,963,489","6,784,942","6,816,700","6,946,966","7,064,435",Queens,,,
Kew Gardens-Union Turnpike E subway F subway,,,,,,,,,
"8,170,406","8,179,749","8,296,905","8,609,185","8,363,109","8,354,731",Queens,,,
Mets-Willets Point 7 subway,,,,,,,,,
"1,856,485","1,729,243","1,693,024","1,902,121","1,875,472","2,120,859",Queens,,,
Middle Village-Metropolitan Av M subway,,,,,,,,,
"1,124,754","1,220,377","1,189,616","1,200,171","1,300,110","1,361,246",Queens,,,
Northern Blvd  M subway R subway,,,,,,,,,
"2,204,923","2,184,353","2,214,223","2,239,136","2,290,836","2,282,296",Queens,,,
Ozone Park-Lefferts Blvd A subway,,,,,,,,,
"2,221,497","2,286,542","2,246,624","2,262,961","2,263,109","2,224,331",Queens,,,
Parsons Blvd  F subway,,,,,,,,,
"1,903,041","1,920,497","1,950,852","2,035,948","2,052,252","2,094,007",Queens,,,
Queens Plaza  E subway M subway R subway,,,,,,,,,
"2,408,523","2,550,906","2,747,366","2,855,006","3,005,223","3,101,888",Queens,,,
Queensboro Plaza N subway Q subway 7 subway,,,,,,,,,
"2,813,789","3,047,146","3,350,219","3,569,290","3,785,260","3,773,168",Queens,,,
Rockaway Blvd  A subway,,,,,,,,,
"2,353,592","2,373,967","2,446,937","2,637,100","2,575,171","1,729,268",Queens,,,
Rockaway Park-Beach 116 St A subway S subway,,,,,,,,,
"268,625","286,902","251,080","135,956","231,407","255,542",Queens,,,
Seneca Av  M subway,,,,,,,,,
"670,795","758,144","716,729","711,011","755,026","842,069",Queens,,,
Steinway St  M subway R subway,,,,,,,,,
"4,561,738","4,930,914","4,866,245","4,798,179","4,807,448","4,779,346",Queens,,,
Sutphin Blvd  F subway,,,,,,,,,
"1,465,324","1,470,022","1,468,970","1,550,363","1,468,419","1,506,607",Queens,,,
Sutphin Blvd-Archer Av-JFK Airport E subway J subway Z subway,,,,,,,,,
"6,447,287","6,839,255","6,975,316","7,303,038","7,633,725","7,767,728",Queens,,,
Vernon Blvd-Jackson Av 7 subway,,,,,,,,,
"3,110,952","3,170,128","3,357,030","3,726,974","4,169,876","4,462,652",Queens,,,
Woodhaven Blvd J subway Z subway,,,,,,,,,
"1,285,323","1,357,800","1,328,319","1,398,536","1,505,920","1,551,590",Queens,,,
Woodhaven Blvd M subway R subway,,,,,,,,,
"7,307,038","7,241,776","7,157,320","7,157,254","7,125,205","7,120,037",Queens,,,
Woodside-61 St 7 subway,,,,,,,,,
"5,394,103","5,382,589","5,273,308","5,330,760","5,356,621","5,432,682",Queens,,,